date,open,high,low,close,volume,dollar_volume,trade_count,sources
2008-01-07,0.007000,0.007000,0.007000,0.007000,145000,1015.00,1,local-cache
2008-01-08,0.010000,0.010000,0.010000,0.010000,330000,3300.00,1,local-cache
2008-01-14,0.009000,0.009000,0.008000,0.008000,600000,4800.00,2,local-cache
2008-01-16,0.008000,0.008000,0.008000,0.008000,10000,80.00,1,local-cache
2008-01-17,0.008000,0.008000,0.008000,0.008000,32000,256.00,1,local-cache
2008-01-23,0.007000,0.007000,0.007000,0.007000,26000,182.00,1,local-cache
2008-01-28,0.008000,0.008000,0.008000,0.008000,130220,1041.76,1,local-cache
2008-02-01,0.007000,0.007000,0.006000,0.006000,585000,3510.00,4,local-cache
2008-02-11,0.010000,0.010000,0.010000,0.010000,5000,50.00,1,local-cache
2008-02-14,0.008000,0.008000,0.007000,0.007000,150000,1050.00,3,local-cache
2008-02-21,0.006000,0.006000,0.006000,0.006000,390000,2340.00,1,local-cache
2008-02-27,0.007000,0.007000,0.006000,0.006000,285000,1710.00,4,local-cache
2008-02-29,0.005000,0.005000,0.005000,0.005000,30000,150.00,1,local-cache
2008-03-07,0.005000,0.005000,0.005000,0.005000,0,0.00,1,local-cache
2008-03-26,0.005000,0.005000,0.005000,0.005000,0,0.00,1,local-cache
2008-03-28,0.005000,0.005000,0.005000,0.005000,99000,495.00,1,local-cache
2008-04-01,0.005000,0.005000,0.003000,0.003000,1370000,4110.00,5,local-cache
2008-04-02,0.003000,0.003000,0.003000,0.003000,5000,15.00,1,local-cache
2008-04-03,0.003000,0.003000,0.003000,0.003000,95000,285.00,1,local-cache
2008-04-16,0.004000,0.004000,0.004000,0.004000,473000,1892.00,2,local-cache
2008-04-28,0.003000,0.003000,0.003000,0.003000,45000,135.00,1,local-cache
2008-05-05,0.003000,0.003000,0.003000,0.003000,400000,1200.00,1,local-cache
2008-05-19,0.003000,0.003000,0.003000,0.003000,10000,30.00,1,local-cache
2008-06-24,0.003000,0.003000,0.003000,0.003000,28000,84.00,1,local-cache
2008-06-25,0.005000,0.006000,0.005000,0.006000,285000,1710.00,5,local-cache
2008-06-27,0.005000,0.008000,0.005000,0.008000,209000,1672.00,5,local-cache
2008-06-30,0.010000,0.010000,0.010000,0.010000,45000,450.00,2,local-cache
2008-07-03,0.005000,0.005000,0.005000,0.005000,30000,150.00,1,local-cache
2008-07-09,0.010000,0.010000,0.010000,0.010000,2000,20.00,1,local-cache
2008-07-14,0.010000,0.010000,0.010000,0.010000,1000,10.00,1,local-cache
2008-07-21,0.010000,0.010000,0.010000,0.010000,500,5.00,1,local-cache
2008-07-29,0.005000,0.005000,0.004000,0.004000,30000,120.00,2,local-cache
2008-07-31,0.006000,0.006000,0.006000,0.006000,1600,9.60,1,local-cache
2008-08-13,0.009000,0.009000,0.009000,0.009000,0,0.00,1,local-cache
2008-08-14,0.006000,0.006000,0.006000,0.006000,830000,4980.00,7,local-cache
2008-08-15,0.009000,0.009000,0.009000,0.009000,0,0.00,1,local-cache
2008-08-21,0.009000,0.009000,0.009000,0.009000,12136,109.22,1,local-cache
2008-08-28,0.007000,0.009000,0.007000,0.009000,90000,810.00,3,local-cache
2008-09-03,0.007000,0.007000,0.007000,0.007000,6000,42.00,1,local-cache
2008-09-04,0.007000,0.007000,0.007000,0.007000,25000,175.00,2,local-cache
2008-09-08,0.010000,0.010000,0.010000,0.010000,100,1.00,1,local-cache
2008-09-10,0.010000,0.010000,0.010000,0.010000,31000,310.00,3,local-cache
2008-09-11,0.009000,0.009000,0.009000,0.009000,75000,675.00,1,local-cache
2008-09-12,0.009000,0.009000,0.009000,0.009000,245000,2205.00,3,local-cache
2008-09-17,0.009000,0.009000,0.009000,0.009000,250000,2250.00,2,local-cache
2008-09-18,0.009000,0.009000,0.009000,0.009000,5000,45.00,1,local-cache
2008-09-19,0.009000,0.010000,0.009000,0.010000,331000,3310.00,6,local-cache
2008-09-23,0.010000,0.012000,0.010000,0.012000,960700,11528.40,7,local-cache
2008-10-06,0.012000,0.014000,0.012000,0.014000,155000,2170.00,3,local-cache
2008-10-10,0.010000,0.010000,0.009000,0.009000,220000,1980.00,3,local-cache
2008-10-13,0.010000,0.010000,0.010000,0.010000,330000,3300.00,2,local-cache
2008-10-14,0.010000,0.010000,0.010000,0.010000,45000,450.00,2,local-cache
2008-10-15,0.010000,0.010000,0.010000,0.010000,45000,450.00,1,local-cache
2008-10-16,0.012000,0.012000,0.011000,0.011000,10000,110.00,2,local-cache
2008-10-22,0.008000,0.008000,0.006000,0.006000,80578,483.47,3,local-cache
2008-10-23,0.009000,0.009000,0.009000,0.009000,7000,63.00,1,local-cache
2008-10-24,0.009000,0.010000,0.009000,0.009000,647472,5827.25,5,local-cache
2008-10-27,0.009000,0.009000,0.009000,0.009000,40000,360.00,2,local-cache
2008-10-29,0.009000,0.009000,0.009000,0.009000,52000,468.00,2,local-cache
2008-10-30,0.009000,0.009000,0.007000,0.007000,9390300,65732.10,18,local-cache
2008-10-31,0.007000,0.007000,0.007000,0.007000,1600000,11200.00,5,local-cache
2008-11-03,0.007000,0.009000,0.006000,0.009000,926000,8334.00,8,local-cache
2008-11-04,0.009000,0.009000,0.009000,0.009000,45000,405.00,1,local-cache
2008-11-05,0.009000,0.009000,0.009000,0.009000,60000,540.00,2,local-cache
2008-11-06,0.009000,0.009000,0.009000,0.009000,10000,90.00,1,local-cache
2008-11-07,0.009000,0.009000,0.009000,0.009000,55000,495.00,1,local-cache
2008-11-11,0.009000,0.009000,0.009000,0.009000,330000,2970.00,3,local-cache
2008-11-14,0.010000,0.010000,0.009000,0.009000,3000,27.00,2,local-cache
2008-11-18,0.009000,0.009000,0.009000,0.009000,1000,9.00,1,local-cache
2008-12-03,0.006000,0.006000,0.006000,0.006000,234,1.40,1,local-cache
2008-12-05,0.009000,0.009000,0.009000,0.009000,10000,90.00,1,local-cache
2008-12-08,0.009000,0.009000,0.009000,0.009000,900,8.10,1,local-cache
2008-12-11,0.007000,0.007000,0.007000,0.007000,2500,17.50,1,local-cache
2008-12-12,0.007000,0.007000,0.005000,0.006000,1273700,7642.20,9,local-cache
2008-12-15,0.006000,0.006000,0.006000,0.006000,600000,3600.00,3,local-cache
2008-12-19,0.009000,0.009000,0.009000,0.009000,10000,90.00,1,local-cache
2008-12-22,0.009000,0.009000,0.009000,0.009000,4600,41.40,1,local-cache
2008-12-23,0.007000,0.007000,0.007000,0.007000,110000,770.00,1,local-cache
2008-12-30,0.009000,0.010000,0.008000,0.008000,85000,680.00,3,local-cache
2008-12-31,0.008000,0.008000,0.008000,0.008000,610,4.88,1,local-cache
2009-01-05,0.009000,0.009000,0.009000,0.009000,10000,90.00,1,local-cache
2009-01-06,0.009000,0.009000,0.009000,0.009000,13772,123.95,1,local-cache
2009-01-12,0.010000,0.010000,0.010000,0.010000,1000,10.00,1,local-cache
2009-01-20,0.010000,0.010000,0.010000,0.010000,220,2.20,1,local-cache
2009-01-21,0.010000,0.010000,0.010000,0.010000,50000,500.00,1,local-cache
2009-01-23,0.010000,0.010000,0.010000,0.010000,2500,25.00,1,local-cache
2009-01-26,0.010000,0.010000,0.010000,0.010000,2000,20.00,1,local-cache
2009-01-29,0.010000,0.010000,0.010000,0.010000,1000,10.00,1,local-cache
2009-02-02,0.010000,0.010000,0.010000,0.010000,3193,31.93,2,local-cache
2009-02-03,0.010000,0.010000,0.010000,0.010000,0,0.00,1,local-cache
2009-02-04,0.010000,0.010000,0.010000,0.010000,210000,2100.00,2,local-cache
2009-02-06,0.010000,0.010000,0.010000,0.010000,5000,50.00,1,local-cache
2009-02-10,0.007000,0.010000,0.007000,0.010000,2000,20.00,2,local-cache
2009-02-13,0.014000,0.014000,0.014000,0.014000,100000,1400.00,1,local-cache
2009-02-18,0.009000,0.009000,0.009000,0.009000,175000,1575.00,1,local-cache
2009-02-19,0.014000,0.014000,0.014000,0.014000,60000,840.00,1,local-cache
2009-02-26,0.014000,0.014000,0.014000,0.014000,75000,1050.00,2,local-cache
2009-03-17,0.010000,0.010000,0.010000,0.010000,386250,3862.50,1,local-cache
2009-03-18,0.009000,0.009000,0.004000,0.004000,9294027,37176.11,21,local-cache
2009-03-19,0.005000,0.010000,0.005000,0.009000,3938000,35442.00,15,local-cache
2009-03-20,0.008000,0.008000,0.008000,0.008000,742000,5936.00,7,local-cache
2009-03-25,0.008000,0.008000,0.008000,0.008000,9000,72.00,2,local-cache
2009-03-26,0.006000,0.006000,0.005000,0.005000,31420162,157100.81,18,local-cache
2009-03-31,0.007000,0.007000,0.007000,0.007000,30000,210.00,2,local-cache
2009-04-01,0.006000,0.006000,0.006000,0.006000,100000,600.00,1,local-cache
2009-04-06,0.006000,0.006000,0.006000,0.006000,75000,450.00,1,local-cache
2009-04-09,0.006000,0.006000,0.006000,0.006000,150000,900.00,2,local-cache
2009-04-13,0.006000,0.006000,0.006000,0.006000,400000,2400.00,3,local-cache
2009-04-14,0.006000,0.006000,0.006000,0.006000,75000,450.00,1,local-cache
2009-04-15,0.006000,0.006000,0.006000,0.006000,520000,3120.00,4,local-cache
2009-04-16,0.005000,0.005000,0.004000,0.004000,9435000,37740.00,17,local-cache
2009-04-17,0.003000,0.004000,0.002000,0.004000,14350503,57402.01,14,local-cache
2009-04-20,0.004000,0.004000,0.004000,0.004000,55000,220.00,1,local-cache
2009-04-21,0.004000,0.004000,0.003000,0.003000,3070532,9211.60,12,local-cache
2009-04-22,0.003000,0.004000,0.002000,0.003000,1475000,4425.00,9,local-cache
2009-04-23,0.002000,0.002000,0.002000,0.002000,5000,10.00,1,local-cache
2009-04-24,0.003000,0.004000,0.003000,0.004000,4067400,16269.60,4,local-cache
2009-04-27,0.004000,0.004000,0.004000,0.004000,9599000,38396.00,20,local-cache
2009-04-28,0.004000,0.004000,0.004000,0.004000,16430000,65720.00,14,local-cache
2009-04-29,0.004000,0.005000,0.004000,0.004000,40463044,161852.18,27,local-cache
2009-04-30,0.004000,0.004000,0.004000,0.004000,2345956,9383.82,9,local-cache
2009-05-01,0.004000,0.005000,0.004000,0.005000,13207462,66037.31,15,local-cache
2009-05-04,0.006000,0.006000,0.004000,0.004000,4520000,18080.00,12,local-cache
2009-05-05,0.005000,0.006000,0.004000,0.006000,24337649,146025.89,27,local-cache
2009-05-06,0.006000,0.010000,0.006000,0.010000,40265950,402659.50,38,local-cache
2009-05-07,0.009000,0.009000,0.004000,0.006000,45443976,272663.86,38,local-cache
2009-05-08,0.006000,0.006000,0.004000,0.005000,8683199,43416.00,12,local-cache
2009-05-11,0.004000,0.006000,0.004000,0.006000,1131445,6788.67,5,local-cache
2009-05-13,0.006000,0.006000,0.004000,0.004000,206000,824.00,5,local-cache
2009-05-14,0.004000,0.004000,0.004000,0.004000,8000,32.00,1,local-cache
2009-05-18,0.005000,0.005000,0.004000,0.004000,8010000,32040.00,13,local-cache
2009-05-19,0.004000,0.004000,0.004000,0.004000,3560000,14240.00,4,local-cache
2009-05-20,0.004000,0.005000,0.003000,0.005000,10352666,51763.33,20,local-cache
2009-05-26,0.004000,0.004000,0.003000,0.003000,16977000,50931.00,16,local-cache
2009-05-27,0.003000,0.003000,0.003000,0.003000,800000,2400.00,6,local-cache
2009-05-28,0.003000,0.003000,0.003000,0.003000,523000,1569.00,4,local-cache
2009-05-29,0.003000,0.004000,0.003000,0.004000,6919165,27676.66,9,local-cache
2009-06-01,0.003000,0.003000,0.003000,0.003000,115000,345.00,1,local-cache
2009-06-02,0.003000,0.003000,0.002000,0.002000,493550,987.10,6,local-cache
2009-06-03,0.002000,0.002000,0.002000,0.002000,6220250,12440.50,13,local-cache
2009-06-04,0.002000,0.002000,0.001000,0.001000,44336000,44336.00,19,local-cache
2009-06-05,0.001000,0.001000,0.001000,0.001000,2936455,2936.45,6,local-cache
2009-06-08,0.001000,0.001000,0.001000,0.001000,50000,50.00,1,local-cache
2009-06-09,0.001000,0.001000,0.001000,0.001000,240000,240.00,2,local-cache
2009-06-10,0.002000,0.002000,0.002000,0.002000,23509470,47018.94,18,local-cache
2009-06-11,0.002000,0.002000,0.001000,0.002000,7257500,14515.00,12,local-cache
2009-06-12,0.002000,0.002000,0.002000,0.002000,25314000,50628.00,14,local-cache
2009-06-15,0.002000,0.003000,0.002000,0.003000,4202110,12606.33,8,local-cache
2009-06-16,0.003000,0.003000,0.002000,0.003000,313197048,939591.14,53,local-cache
2009-06-17,0.003000,0.003000,0.002000,0.003000,23725206,71175.62,16,local-cache
2009-06-18,0.003000,0.003000,0.003000,0.003000,226000,678.00,3,local-cache
2009-06-19,0.003000,0.003000,0.003000,0.003000,103365,310.10,2,local-cache
2009-06-22,0.003000,0.003000,0.002000,0.003000,14224168,42672.50,17,local-cache
2009-06-23,0.003000,0.003000,0.003000,0.003000,2577600,7732.80,3,local-cache
2009-06-24,0.003000,0.003000,0.002000,0.002000,12254425,24508.85,12,local-cache
2009-06-25,0.002000,0.003000,0.002000,0.003000,17569687,52709.06,12,local-cache
2009-06-26,0.003000,0.005000,0.003000,0.005000,62793443,313967.22,40,local-cache
2009-06-29,0.005000,0.006000,0.005000,0.006000,20650150,123900.90,21,local-cache
2009-06-30,0.005000,0.005000,0.005000,0.005000,2365000,11825.00,7,local-cache
2009-07-01,0.005000,0.005000,0.004000,0.005000,2428400,12142.00,13,local-cache
2009-07-02,0.006000,0.008000,0.006000,0.007000,11041600,77291.20,20,local-cache
2009-07-06,0.007000,0.007000,0.005000,0.005000,6124000,30620.00,9,local-cache
2009-07-07,0.005000,0.008000,0.005000,0.007000,3100666,21704.66,10,local-cache
2009-07-08,0.008000,0.008000,0.006000,0.006000,4980668,29884.01,11,local-cache
2009-07-09,0.006000,0.007000,0.006000,0.006000,502400,3014.40,5,local-cache
2009-07-10,0.006000,0.007000,0.006000,0.007000,238000,1666.00,4,local-cache
2009-07-13,0.006000,0.007000,0.005000,0.007000,8027150,56190.05,14,local-cache
2009-07-14,0.007000,0.007000,0.005000,0.005000,1301979,6509.90,8,local-cache
2009-07-15,0.005000,0.006000,0.005000,0.006000,2363400,14180.40,9,local-cache
2009-07-16,0.005000,0.006000,0.005000,0.006000,5100000,30600.00,10,local-cache
2009-07-17,0.006000,0.009000,0.006000,0.009000,42068351,378615.16,39,local-cache
2009-07-20,0.009000,0.010000,0.009000,0.009000,45203398,406830.58,38,local-cache
2009-07-21,0.009000,0.009000,0.008000,0.009000,2792000,25128.00,9,local-cache
2009-07-22,0.008000,0.009000,0.008000,0.009000,5454000,49086.00,15,local-cache
2009-07-23,0.009000,0.009000,0.009000,0.009000,4498186,40483.67,11,local-cache
2009-07-24,0.009000,0.009000,0.008000,0.009000,2876182,25885.64,15,local-cache
2009-07-27,0.009000,0.012000,0.009000,0.010000,14201600,142016.00,15,local-cache
2009-07-28,0.012000,0.012000,0.009000,0.012000,13712822,164553.86,23,local-cache
2009-07-29,0.012000,0.014000,0.010000,0.014000,15378358,215297.01,28,local-cache
2009-07-30,0.013000,0.014000,0.013000,0.014000,1607200,22500.80,9,local-cache
2009-07-31,0.013000,0.013000,0.012000,0.012000,948500,11382.00,7,local-cache
2009-08-03,0.012000,0.012000,0.012000,0.012000,1968110,23617.32,10,local-cache
2009-08-04,0.010000,0.012000,0.010000,0.012000,450000,5400.00,5,local-cache
2009-08-05,0.012000,0.014000,0.010000,0.013000,32705632,425173.22,24,local-cache
2009-08-06,0.010000,0.010000,0.010000,0.010000,487941,4879.41,2,local-cache
2009-08-07,0.009000,0.009000,0.008000,0.009000,1832822,16495.40,7,local-cache
2009-08-10,0.009000,0.009000,0.008000,0.009000,3418300,30764.70,7,local-cache
2009-08-11,0.007000,0.008000,0.007000,0.007000,146500,1025.50,5,local-cache
2009-08-12,0.007000,0.007000,0.007000,0.007000,1665911,11661.38,8,local-cache
2009-08-13,0.007000,0.008000,0.007000,0.008000,11865400,94923.20,17,local-cache
2009-08-14,0.009000,0.009000,0.007000,0.009000,7468994,67220.95,13,local-cache
2009-08-17,0.009000,0.009000,0.007000,0.009000,485500,4369.50,5,local-cache
2009-08-18,0.009000,0.009000,0.007000,0.008000,10224577,81796.62,13,local-cache
2009-08-19,0.008000,0.008000,0.005000,0.006000,158439956,950639.74,38,local-cache
2009-08-20,0.006000,0.007000,0.006000,0.007000,2560198,17921.39,9,local-cache
2009-08-21,0.007000,0.007000,0.006000,0.007000,7800800,54605.60,15,local-cache
2009-08-24,0.006000,0.006000,0.005000,0.006000,19562200,117373.20,21,local-cache
2009-08-25,0.005000,0.005000,0.005000,0.005000,33116882,165584.41,18,local-cache
2009-08-26,0.005000,0.007000,0.005000,0.006000,35903700,215422.20,29,local-cache
2009-08-27,0.006000,0.006000,0.006000,0.006000,21585346,129512.08,21,local-cache
2009-08-28,0.006000,0.010000,0.006000,0.007000,51087208,357610.46,34,local-cache
2009-08-31,0.007000,0.007000,0.007000,0.007000,1955000,13685.00,8,local-cache
2009-09-01,0.005000,0.006000,0.005000,0.006000,1926000,11556.00,6,local-cache
2009-09-02,0.006000,0.007000,0.006000,0.007000,455000,3185.00,3,local-cache
2009-09-03,0.007000,0.007000,0.005000,0.007000,287400,2011.80,3,local-cache
2009-09-04,0.007000,0.007000,0.007000,0.007000,5000,35.00,1,local-cache
2009-09-08,0.007000,0.007000,0.007000,0.007000,14000,98.00,1,local-cache
2009-09-09,0.007000,0.007000,0.007000,0.007000,230400,1612.80,4,local-cache
2009-09-10,0.007000,0.007000,0.007000,0.007000,1150000,8050.00,4,local-cache
2009-09-11,0.007000,0.007000,0.007000,0.007000,455000,3185.00,3,local-cache
2009-09-14,0.007000,0.007000,0.007000,0.007000,10845000,75915.00,20,local-cache
2009-09-15,0.007000,0.007000,0.007000,0.007000,1926000,13482.00,8,local-cache
2009-09-16,0.006000,0.007000,0.006000,0.007000,2811000,19677.00,7,local-cache
2009-09-17,0.006000,0.008000,0.006000,0.006000,24760000,148560.00,19,local-cache
2009-09-18,0.006000,0.006000,0.006000,0.006000,4343572,26061.43,7,local-cache
2009-09-21,0.006000,0.007000,0.006000,0.007000,4875000,34125.00,11,local-cache
2009-09-22,0.007000,0.007000,0.007000,0.007000,200483,1403.38,4,local-cache
2009-09-23,0.007000,0.010000,0.007000,0.010000,1387300,13873.00,11,local-cache
2009-09-24,0.010000,0.013000,0.010000,0.013000,13423200,174501.60,19,local-cache
2009-09-25,0.012000,0.014000,0.012000,0.014000,11672143,163410.00,15,local-cache
2009-09-28,0.014000,0.018000,0.014000,0.014000,58348456,816878.38,38,local-cache
2009-09-29,0.015000,0.015000,0.014000,0.014000,2068300,28956.20,7,local-cache
2009-09-30,0.014000,0.014000,0.011000,0.011000,2855830,31414.13,11,local-cache
2009-10-01,0.012000,0.012000,0.009000,0.009000,3194900,28754.10,15,local-cache
2009-10-02,0.010000,0.011000,0.010000,0.010000,1425100,14251.00,8,local-cache
2009-10-05,0.011000,0.012000,0.009000,0.009000,305000,2745.00,4,local-cache
2009-10-06,0.010000,0.012000,0.009000,0.010000,3886272,38862.72,9,local-cache
2009-10-07,0.011000,0.013000,0.011000,0.013000,1679000,21827.00,5,local-cache
2009-10-09,0.012000,0.012000,0.012000,0.012000,4000,48.00,1,local-cache
2009-10-12,0.009000,0.009000,0.009000,0.009000,116000,1044.00,2,local-cache
2009-10-13,0.011000,0.011000,0.010000,0.010000,555000,5550.00,4,local-cache
2009-10-14,0.011000,0.013000,0.011000,0.011000,541000,5951.00,5,local-cache
2009-10-15,0.010000,0.010000,0.010000,0.010000,790000,7900.00,5,local-cache
2009-10-16,0.012000,0.012000,0.012000,0.012000,8000,96.00,1,local-cache
2009-10-19,0.012000,0.012000,0.012000,0.012000,907000,10884.00,4,local-cache
2009-10-20,0.010000,0.011000,0.010000,0.011000,85000,935.00,2,local-cache
2009-10-21,0.012000,0.012000,0.012000,0.012000,5000,60.00,1,local-cache
2009-10-22,0.012000,0.012000,0.012000,0.012000,840465,10085.58,3,local-cache
2009-10-23,0.012000,0.012000,0.010000,0.010000,56000,560.00,3,local-cache
2009-10-26,0.010000,0.010000,0.009000,0.009000,2047000,18423.00,5,local-cache
2009-10-27,0.009000,0.011000,0.009000,0.011000,675000,7425.00,4,local-cache
2009-10-28,0.011000,0.011000,0.010000,0.010000,249712,2497.12,3,local-cache
2009-10-29,0.010000,0.010000,0.009000,0.009000,4401000,39609.00,8,local-cache
2009-10-30,0.010000,0.010000,0.009000,0.010000,605000,6050.00,3,local-cache
2009-11-03,0.010000,0.010000,0.009000,0.009000,882673,7944.06,6,local-cache
2009-11-04,0.010000,0.013000,0.010000,0.012000,11355200,136262.40,18,local-cache
2009-11-05,0.012000,0.013000,0.012000,0.012000,1843110,22117.32,7,local-cache
2009-11-06,0.012000,0.012000,0.012000,0.012000,170000,2040.00,2,local-cache
2009-11-09,0.012000,0.016000,0.009000,0.013000,26504600,344559.80,27,local-cache
2009-11-10,0.013000,0.013000,0.010000,0.012000,11073400,132880.80,19,local-cache
2009-11-11,0.012000,0.012000,0.010000,0.011000,39200,431.20,4,local-cache
2009-11-12,0.009000,0.011000,0.009000,0.009000,371000,3339.00,4,local-cache
2009-11-13,0.009000,0.010000,0.009000,0.009000,185000,1665.00,4,local-cache
2009-11-16,0.011000,0.011000,0.011000,0.011000,22000,242.00,2,local-cache
2009-11-17,0.009000,0.009000,0.009000,0.009000,25000,225.00,1,local-cache
2009-11-18,0.009000,0.009000,0.009000,0.009000,1086000,9774.00,4,local-cache
2009-11-19,0.009000,0.011000,0.009000,0.011000,4873388,53607.27,11,local-cache
2009-11-20,0.011000,0.011000,0.011000,0.011000,1770806,19478.87,4,local-cache
2009-11-23,0.009000,0.010000,0.009000,0.010000,1005932,10059.32,4,local-cache
2009-11-24,0.011000,0.011000,0.009000,0.009000,117500,1057.50,2,local-cache
2009-11-25,0.011000,0.011000,0.010000,0.010000,2042420,20424.20,6,local-cache
2009-11-27,0.010000,0.010000,0.008000,0.010000,1112400,11124.00,5,local-cache
2009-11-30,0.009000,0.009000,0.009000,0.009000,25000,225.00,1,local-cache
2009-12-01,0.009000,0.010000,0.009000,0.010000,1007500,10075.00,5,local-cache
2009-12-02,0.010000,0.011000,0.009000,0.011000,1354322,14897.54,8,local-cache
2009-12-03,0.011000,0.011000,0.010000,0.010000,1120000,11200.00,5,local-cache
2009-12-04,0.010000,0.013000,0.010000,0.013000,130000,1690.00,4,local-cache
2009-12-08,0.011000,0.011000,0.009000,0.010000,8779000,87790.00,12,local-cache
2009-12-09,0.011000,0.011000,0.010000,0.011000,4059482,44654.30,14,local-cache
2009-12-10,0.013000,0.013000,0.009000,0.013000,13255400,172320.20,17,local-cache
2009-12-14,0.012000,0.012000,0.012000,0.012000,335000,4020.00,3,local-cache
2009-12-15,0.012000,0.012000,0.010000,0.010000,670000,6700.00,6,local-cache
2009-12-16,0.010000,0.013000,0.010000,0.013000,393000,5109.00,3,local-cache
2009-12-18,0.013000,0.013000,0.013000,0.013000,1000,13.00,1,local-cache
2009-12-21,0.011000,0.013000,0.010000,0.013000,12995983,168947.78,21,local-cache
2009-12-22,0.013000,0.013000,0.010000,0.013000,288400,3749.20,5,local-cache
2009-12-23,0.013000,0.013000,0.013000,0.013000,190000,2470.00,3,local-cache
2009-12-24,0.010000,0.013000,0.010000,0.013000,25000,325.00,2,local-cache
2009-12-31,0.011000,0.011000,0.010000,0.011000,455000,5005.00,4,local-cache
2010-01-05,0.009000,0.011000,0.009000,0.011000,233200,2565.20,3,local-cache
2010-01-11,0.010000,0.011000,0.009000,0.011000,2499068,27489.75,8,local-cache
2010-01-12,0.011000,0.011000,0.011000,0.011000,604966,6654.63,6,local-cache
2010-01-13,0.010000,0.011000,0.010000,0.011000,680000,7480.00,6,local-cache
2010-01-14,0.011000,0.011000,0.010000,0.010000,335000,3350.00,3,local-cache
2010-01-15,0.010000,0.010000,0.009000,0.010000,2135000,21350.00,6,local-cache
2010-01-19,0.010000,0.010000,0.010000,0.010000,150000,1500.00,2,local-cache
2010-01-21,0.009000,0.009000,0.009000,0.009000,1770000,15930.00,9,local-cache
2010-01-22,0.009000,0.010000,0.009000,0.010000,8385000,83850.00,12,local-cache
2010-01-25,0.009000,0.009000,0.009000,0.009000,9215884,82942.96,11,local-cache
2010-01-26,0.009000,0.009000,0.009000,0.009000,1074000,9666.00,5,local-cache
2010-01-27,0.009000,0.009000,0.009000,0.009000,1400500,12604.50,7,local-cache
2010-01-28,0.009000,0.012000,0.009000,0.012000,7139400,85672.80,10,local-cache
2010-01-29,0.010000,0.011000,0.010000,0.010000,785000,7850.00,5,local-cache
2010-02-01,0.010000,0.010000,0.010000,0.010000,119286,1192.86,2,local-cache
2010-02-02,0.010000,0.010000,0.009000,0.009000,248000,2232.00,3,local-cache
2010-02-03,0.009000,0.009000,0.009000,0.009000,500000,4500.00,2,local-cache
2010-02-04,0.009000,0.009000,0.009000,0.009000,2725785,24532.06,6,local-cache
2010-02-05,0.009000,0.009000,0.009000,0.009000,10000,90.00,1,local-cache
2010-02-08,0.009000,0.009000,0.009000,0.009000,821000,7389.00,3,local-cache
2010-02-09,0.009000,0.009000,0.009000,0.009000,280000,2520.00,2,local-cache
2010-02-10,0.009000,0.010000,0.009000,0.010000,30675839,306758.39,19,local-cache
2010-02-11,0.010000,0.010000,0.010000,0.010000,33000,330.00,1,local-cache
2010-02-12,0.009000,0.009000,0.009000,0.009000,24054024,216486.22,18,local-cache
2010-02-16,0.009000,0.009000,0.009000,0.009000,614000,5526.00,6,local-cache
2010-02-17,0.009000,0.009000,0.009000,0.009000,1855000,16695.00,6,local-cache
2010-02-18,0.009000,0.009000,0.008000,0.009000,51130639,460175.75,26,local-cache
2010-02-19,0.009000,0.009000,0.009000,0.009000,990000,8910.00,4,local-cache
2010-02-22,0.009000,0.009000,0.007000,0.008000,28218206,225745.65,23,local-cache
2010-02-23,0.007000,0.007000,0.007000,0.007000,8775203,61426.42,13,local-cache
2010-02-24,0.007000,0.007000,0.006000,0.007000,28518200,199627.40,18,local-cache
2010-02-25,0.006000,0.007000,0.006000,0.007000,16983000,118881.00,16,local-cache
2010-02-26,0.007000,0.008000,0.006000,0.008000,50003814,400030.51,27,local-cache
2010-03-02,0.008000,0.008000,0.007000,0.008000,644000,5152.00,4,local-cache
2010-03-03,0.007000,0.008000,0.007000,0.008000,6262425,50099.40,9,local-cache
2010-03-04,0.007000,0.008000,0.007000,0.008000,3415000,27320.00,7,local-cache
2010-03-05,0.007000,0.007000,0.007000,0.007000,2979000,20853.00,8,local-cache
2010-03-08,0.007000,0.007000,0.007000,0.007000,1022500,7157.50,3,local-cache
2010-03-09,0.007000,0.007000,0.007000,0.007000,75000,525.00,2,local-cache
2010-03-10,0.007000,0.007000,0.007000,0.007000,15000,105.00,1,local-cache
2010-03-11,0.007000,0.007000,0.007000,0.007000,1425550,9978.85,5,local-cache
2010-03-12,0.007000,0.010000,0.007000,0.009000,12393411,111540.70,16,local-cache
2010-03-15,0.009000,0.009000,0.009000,0.009000,187310,1685.79,1,local-cache
2010-03-16,0.009000,0.009000,0.008000,0.008000,2355000,18840.00,7,local-cache
2010-03-17,0.009000,0.009000,0.009000,0.009000,261000,2349.00,4,local-cache
2010-03-18,0.009000,0.009000,0.009000,0.009000,550000,4950.00,3,local-cache
2010-03-22,0.008000,0.009000,0.007000,0.007000,468000,3276.00,5,local-cache
2010-03-23,0.009000,0.009000,0.007000,0.008000,314252,2514.02,4,local-cache
2010-03-25,0.008000,0.008000,0.008000,0.008000,553000,4424.00,7,local-cache
2010-03-26,0.007000,0.010000,0.007000,0.009000,60000,540.00,3,local-cache
2010-03-30,0.008000,0.009000,0.008000,0.009000,3030000,27270.00,6,local-cache
2010-03-31,0.009000,0.009000,0.009000,0.009000,485000,4365.00,2,local-cache
2010-04-01,0.008000,0.009000,0.008000,0.009000,29000,261.00,2,local-cache
2010-04-05,0.008000,0.008000,0.008000,0.008000,20000,160.00,1,local-cache
2010-04-06,0.007000,0.007000,0.007000,0.007000,558000,3906.00,3,local-cache
2010-04-07,0.007000,0.007000,0.007000,0.007000,164000,1148.00,1,local-cache
2010-04-08,0.007000,0.007000,0.007000,0.007000,110000,770.00,2,local-cache
2010-04-09,0.007000,0.007000,0.007000,0.007000,697000,4879.00,2,local-cache
2010-04-13,0.007000,0.007000,0.007000,0.007000,20000,140.00,1,local-cache
2010-04-15,0.007000,0.008000,0.007000,0.008000,1211000,9688.00,3,local-cache
2010-04-16,0.007000,0.007000,0.007000,0.007000,1629418,11405.93,8,local-cache
2010-04-19,0.007000,0.007000,0.007000,0.007000,813000,5691.00,4,local-cache
2010-04-20,0.007000,0.007000,0.007000,0.007000,270000,1890.00,2,local-cache
2010-04-21,0.007000,0.007000,0.007000,0.007000,360000,2520.00,3,local-cache
2010-04-22,0.007000,0.007000,0.007000,0.007000,167055,1169.38,3,local-cache
2010-04-23,0.007000,0.007000,0.006000,0.007000,2195835,15370.85,6,local-cache
2010-04-26,0.006000,0.008000,0.006000,0.008000,3537000,28296.00,6,local-cache
2010-04-27,0.006000,0.006000,0.006000,0.006000,5116000,30696.00,7,local-cache
2010-04-28,0.005000,0.006000,0.004000,0.006000,64158008,384948.05,28,local-cache
2010-04-29,0.006000,0.006000,0.006000,0.006000,1930000,11580.00,7,local-cache
2010-04-30,0.006000,0.006000,0.005000,0.006000,13559011,81354.07,13,local-cache
2010-05-03,0.006000,0.006000,0.005000,0.006000,10915000,65490.00,14,local-cache
2010-05-04,0.006000,0.006000,0.006000,0.006000,25000,150.00,1,local-cache
2010-05-05,0.005000,0.005000,0.003000,0.004000,67747223,270988.89,25,local-cache
2010-05-06,0.003000,0.004000,0.002000,0.003000,71354702,214064.11,19,local-cache
2010-05-10,0.004000,0.004000,0.003000,0.004000,5599070,22396.28,8,local-cache
2010-05-11,0.003000,0.004000,0.003000,0.003000,1427700,4283.10,5,local-cache
2010-05-12,0.003000,0.003000,0.003000,0.003000,1688997,5066.99,5,local-cache
2010-05-13,0.003000,0.003000,0.003000,0.003000,20199500,60598.50,14,local-cache
2010-05-14,0.003000,0.003000,0.003000,0.003000,2582466,7747.40,6,local-cache
2010-05-17,0.003000,0.003000,0.003000,0.003000,461700,1385.10,5,local-cache
2010-05-18,0.003000,0.004000,0.003000,0.003000,322133673,966401.02,33,local-cache
2010-05-19,0.003000,0.003000,0.003000,0.003000,50061110,150183.33,23,local-cache
2010-05-20,0.003000,0.003000,0.002000,0.003000,2267168,6801.50,8,local-cache
2010-05-21,0.002000,0.003000,0.002000,0.003000,9721252,29163.76,9,local-cache
2010-05-24,0.003000,0.003000,0.003000,0.003000,260000,780.00,3,local-cache
2010-05-25,0.002000,0.003000,0.002000,0.003000,380000,1140.00,2,local-cache
2010-05-26,0.003000,0.003000,0.002000,0.003000,9510000,28530.00,9,local-cache
2010-05-27,0.003000,0.003000,0.003000,0.003000,1875000,5625.00,5,local-cache
2010-05-28,0.003000,0.003000,0.002000,0.002000,1900000,3800.00,4,local-cache
2010-06-01,0.003000,0.003000,0.002000,0.003000,476000,1428.00,3,local-cache
2010-06-02,0.002000,0.003000,0.002000,0.003000,405100,1215.30,3,local-cache
2010-06-03,0.003000,0.004000,0.003000,0.004000,9216000,36864.00,10,local-cache
2010-06-04,0.004000,0.004000,0.003000,0.004000,1795000,7180.00,8,local-cache
2010-06-07,0.004000,0.004000,0.004000,0.004000,305000,1220.00,4,local-cache
2010-06-08,0.004000,0.004000,0.003000,0.004000,2615000,10460.00,7,local-cache
2010-06-10,0.004000,0.004000,0.004000,0.004000,0,0.00,1,local-cache
2010-06-11,0.004000,0.004000,0.004000,0.004000,371640,1486.56,3,local-cache
2010-06-15,0.003000,0.004000,0.003000,0.004000,518000,2072.00,3,local-cache
2010-06-16,0.003000,0.004000,0.003000,0.004000,667000,2668.00,3,local-cache
2010-06-17,0.003000,0.004000,0.003000,0.004000,70000,280.00,2,local-cache
2010-06-18,0.003000,0.003000,0.003000,0.003000,483090,1449.27,3,local-cache
2010-06-21,0.003000,0.004000,0.003000,0.004000,3557600,14230.40,9,local-cache
2010-06-22,0.003000,0.004000,0.003000,0.004000,50000,200.00,2,local-cache
2010-06-29,0.003000,0.003000,0.003000,0.003000,410000,1230.00,2,local-cache
2010-06-30,0.003000,0.003000,0.003000,0.003000,2426600,7279.80,5,local-cache
2010-07-01,0.004000,0.004000,0.004000,0.004000,15000,60.00,1,local-cache
2010-07-02,0.004000,0.004000,0.004000,0.004000,24002,96.01,2,local-cache
2010-07-08,0.004000,0.004000,0.004000,0.004000,40000,160.00,1,local-cache
2010-07-13,0.004000,0.004000,0.004000,0.004000,160000,640.00,2,local-cache
2010-07-15,0.004000,0.004000,0.003000,0.003000,963000,2889.00,5,local-cache
2010-07-19,0.003000,0.003000,0.003000,0.003000,1728500,5185.50,6,local-cache
2010-07-20,0.003000,0.004000,0.003000,0.004000,390000,1560.00,3,local-cache
2010-07-22,0.004000,0.004000,0.003000,0.004000,220000,880.00,3,local-cache
2010-07-26,0.003000,0.003000,0.003000,0.003000,96000,288.00,3,local-cache
2010-07-27,0.003000,0.003000,0.003000,0.003000,255000,765.00,3,local-cache
2010-07-28,0.003000,0.003000,0.003000,0.003000,1041000,3123.00,5,local-cache
2010-08-02,0.002000,0.003000,0.002000,0.003000,1860000,5580.00,4,local-cache
2010-08-03,0.002000,0.002000,0.002000,0.002000,2640000,5280.00,5,local-cache
2010-08-05,0.002000,0.002000,0.002000,0.002000,1420000,2840.00,3,local-cache
2010-08-09,0.003000,0.003000,0.003000,0.003000,55000,165.00,3,local-cache
2010-08-11,0.003000,0.003000,0.003000,0.003000,40000,120.00,1,local-cache
2010-08-13,0.002000,0.002000,0.002000,0.002000,3865000,7730.00,7,local-cache
2010-08-16,0.003000,0.003000,0.002000,0.002000,320000,640.00,4,local-cache
2010-08-17,0.003000,0.003000,0.002000,0.002000,1451000,2902.00,5,local-cache
2010-08-18,0.003000,0.003000,0.003000,0.003000,278000,834.00,4,local-cache
2010-08-19,0.004000,0.004000,0.003000,0.003000,1957860,5873.58,3,local-cache
2010-08-20,0.003000,0.003000,0.003000,0.003000,20000,60.00,2,local-cache
2010-08-23,0.003000,0.003000,0.003000,0.003000,35000,105.00,1,local-cache
2010-08-24,0.002000,0.002000,0.002000,0.002000,165000,330.00,1,local-cache
2010-08-25,0.003000,0.003000,0.003000,0.003000,99000,297.00,3,local-cache
2010-08-27,0.003000,0.003000,0.003000,0.003000,30000,90.00,1,local-cache
2010-09-07,0.002000,0.003000,0.002000,0.002000,1355000,2710.00,7,local-cache
2010-09-08,0.002000,0.004000,0.002000,0.003000,13579110,40737.33,11,local-cache
2010-09-09,0.003000,0.003000,0.003000,0.003000,1150000,3450.00,5,local-cache
2010-09-10,0.003000,0.003000,0.002000,0.003000,960000,2880.00,5,local-cache
2010-09-13,0.003000,0.003000,0.003000,0.003000,1536775,4610.32,6,local-cache
2010-09-14,0.004000,0.005000,0.003000,0.003000,15998900,47996.70,15,local-cache
2010-09-15,0.007000,0.007000,0.004000,0.005000,1530000,7650.00,5,local-cache
2010-09-16,0.004000,0.005000,0.004000,0.004000,1375000,5500.00,6,local-cache
2010-09-17,0.004000,0.004000,0.004000,0.004000,335000,1340.00,3,local-cache
2010-09-20,0.004000,0.005000,0.003000,0.005000,1100000,5500.00,7,local-cache
2010-09-21,0.005000,0.005000,0.004000,0.005000,6418500,32092.50,6,local-cache
2010-09-22,0.005000,0.006000,0.005000,0.005000,3506000,17530.00,14,local-cache
2010-09-23,0.005000,0.005000,0.005000,0.005000,20000,100.00,1,local-cache
2010-09-27,0.003000,0.004000,0.003000,0.004000,80000,320.00,2,local-cache
2010-09-28,0.004000,0.004000,0.004000,0.004000,10000,40.00,1,local-cache
2010-09-29,0.004000,0.005000,0.004000,0.005000,381000,1905.00,4,local-cache
2010-09-30,0.004000,0.005000,0.004000,0.004000,1565500,6262.00,8,local-cache
2010-10-01,0.004000,0.006000,0.003000,0.006000,2415000,14490.00,7,local-cache
2010-10-04,0.005000,0.005000,0.004000,0.004000,4023300,16093.20,11,local-cache
2010-10-05,0.005000,0.005000,0.004000,0.004000,9480400,37921.60,19,local-cache
2010-10-06,0.005000,0.005000,0.005000,0.005000,4038800,20194.00,14,local-cache
2010-10-07,0.005000,0.006000,0.004000,0.006000,16005200,96031.20,25,local-cache
2010-10-08,0.006000,0.006000,0.004000,0.006000,3913000,23478.00,13,local-cache
2010-10-11,0.006000,0.006000,0.004000,0.005000,7508000,37540.00,22,local-cache
2010-10-12,0.006000,0.010000,0.006000,0.010000,92469255,924692.55,44,local-cache
2010-10-13,0.010000,0.011000,0.006000,0.009000,25319335,227874.01,27,local-cache
2010-10-14,0.007000,0.010000,0.007000,0.009000,10770300,96932.70,14,local-cache
2010-10-15,0.007000,0.008000,0.007000,0.007000,6177000,43239.00,14,local-cache
2010-10-18,0.007000,0.009000,0.006000,0.009000,3476612,31289.51,13,local-cache
2010-10-19,0.010000,0.010000,0.007000,0.008000,6114608,48916.86,11,local-cache
2010-10-20,0.006000,0.007000,0.006000,0.006000,3346100,20076.60,11,local-cache
2010-10-21,0.006000,0.006000,0.005000,0.005000,1361000,6805.00,8,local-cache
2010-10-22,0.005000,0.007000,0.005000,0.007000,3001500,21010.50,10,local-cache
2010-10-25,0.005000,0.007000,0.005000,0.007000,976000,6832.00,5,local-cache
2010-10-26,0.006000,0.006000,0.005000,0.005000,1282000,6410.00,5,local-cache
2010-10-28,0.005000,0.005000,0.005000,0.005000,181000,905.00,1,local-cache
2010-10-29,0.005000,0.005000,0.005000,0.005000,736000,3680.00,5,local-cache
2010-11-01,0.004000,0.004000,0.004000,0.004000,530000,2120.00,2,local-cache
2010-11-02,0.004000,0.005000,0.004000,0.005000,785000,3925.00,6,local-cache
2010-11-03,0.005000,0.005000,0.005000,0.005000,18000,90.00,1,local-cache
2010-11-04,0.007000,0.007000,0.005000,0.006000,1470305,8821.83,7,local-cache
2010-11-05,0.006000,0.006000,0.006000,0.006000,1320000,7920.00,5,local-cache
2010-11-08,0.004000,0.007000,0.004000,0.007000,180000,1260.00,2,local-cache
2010-11-09,0.004000,0.005000,0.004000,0.005000,1475000,7375.00,6,local-cache
2010-11-10,0.004000,0.005000,0.004000,0.005000,1809000,9045.00,9,local-cache
2010-11-11,0.004000,0.004000,0.004000,0.004000,479000,1916.00,4,local-cache
2010-11-12,0.004000,0.006000,0.004000,0.006000,2615000,15690.00,6,local-cache
2010-11-15,0.004000,0.004000,0.004000,0.004000,580000,2320.00,4,local-cache
2010-11-16,0.004000,0.004000,0.003000,0.003000,3877458,11632.37,10,local-cache
2010-11-17,0.003000,0.003000,0.003000,0.003000,373070,1119.21,3,local-cache
2010-11-18,0.003000,0.003000,0.003000,0.003000,880000,2640.00,5,local-cache
2010-11-19,0.003000,0.003000,0.003000,0.003000,4619000,13857.00,10,local-cache
2010-11-22,0.003000,0.004000,0.003000,0.004000,3413000,13652.00,8,local-cache
2010-11-23,0.003000,0.003000,0.002000,0.003000,1814000,5442.00,7,local-cache
2010-11-24,0.003000,0.004000,0.003000,0.004000,9023400,36093.60,18,local-cache
2010-11-26,0.004000,0.004000,0.002000,0.004000,4172000,16688.00,11,local-cache
2010-11-29,0.002000,0.003000,0.002000,0.003000,3618000,10854.00,10,local-cache
2010-11-30,0.002000,0.002000,0.002000,0.002000,7616500,15233.00,9,local-cache
2010-12-01,0.002000,0.002000,0.002000,0.002000,3582500,7165.00,9,local-cache
2010-12-02,0.002000,0.003000,0.002000,0.003000,1411000,4233.00,8,local-cache